{"mean":{"confidence_interval":{"confidence_level":0.95,"lower_bound":49862.4144110643,"upper_bound":51892.88749116555},"point_estimate":50793.35014496747,"standard_error":519.9247091566685},"median":{"confidence_interval":{"confidence_level":0.95,"lower_bound":48742.857142857145,"upper_bound":50272.51256775067},"point_estimate":49226.71559322034,"standard_error":441.76330847785886},"median_abs_dev":{"confidence_interval":{"confidence_level":0.95,"lower_bound":2030.4407616345895,"upper_bound":3489.1831707097094},"point_estimate":2613.9718688700045,"standard_error":373.29444158849725},"slope":{"confidence_interval":{"confidence_level":0.95,"lower_bound":49753.45918294984,"upper_bound":51118.8269590783},"point_estimate":50423.42129850746,"standard_error":347.4354157225487},"std_dev":{"confidence_interval":{"confidence_level":0.95,"lower_bound":3165.976494199107,"upper_bound":7210.246800072318},"point_estimate":5226.281870173611,"standard_error":1060.598456499096}}