{"mean":{"confidence_interval":{"confidence_level":0.95,"lower_bound":299254.7691475035,"upper_bound":304635.2645934545},"point_estimate":301734.1629647689,"standard_error":1374.2810333116356},"median":{"confidence_interval":{"confidence_level":0.95,"lower_bound":296944.03845281305,"upper_bound":299951.4383116883},"point_estimate":298588.1315104166,"standard_error":745.451987349765},"median_abs_dev":{"confidence_interval":{"confidence_level":0.95,"lower_bound":4082.784806084,"upper_bound":7589.731425581438},"point_estimate":5608.916881214505,"standard_error":895.8182876355266},"slope":{"confidence_interval":{"confidence_level":0.95,"lower_bound":298927.9639742116,"upper_bound":302500.62434174767},"point_estimate":300560.6387342988,"standard_error":910.6542431645138},"std_dev":{"confidence_interval":{"confidence_level":0.95,"lower_bound":8000.2561801204465,"upper_bound":18630.9621503392},"point_estimate":13887.34174705537,"standard_error":2654.853449100715}}